﻿EmployeeID,EmployeeFirstName,EmployeeLastName,EmployeeDOB,EmployeeEmail,EmployeePhoneNumber,EmployeeStreetAddress,EmployeeCity,EmployeeState,EmployeeZipCode
,Ondrea,Swanston,3/15/1987,Ondrea.Swanston@backtoroots.com,303-214-3551,8942 Niwot Road,Niwot,CO,80503
,Beitris,Cush,10/17/1987,Beitris.Cush@backtoroots.com,970-597-2548,87 Camino Bosque,Boulder,CO,80302
,Brice,Croy,3/9/1975,Brice.Croy@backtoroots.com,970-667-1977,1901 Tyler Ave,Longmont,CO,80501
,Eada,Laurance,8/7/1990,Eada.Laurance@backtoroots.com,970-412-2197,4519 Starboard Ct,Boulder,CO,80301
,Emile,Agiolfinger,2/1/1994,Emile.Agiolfinger@backtoroots.com,970-251-9098,979 Lashley St,Longmont,CO,80504
,Marylin,Sterman,6/2/1983,Marylin.Sterman@backtoroots.com,970-290-7748,2280 E Cherrywood Dr,Lafayette,CO,80026
,Talyah,Peaden,7/5/2000,Talyah.Peaden@backtoroots.com,303-408-8559,150 1st Ave,Niwot,CO,80503
,Hernando,Gildersleeve,6/17/1995,Hernando.Gildersleeve@backtoroots.com,720-194-8910,1447 Pratt Way,Longmont,CO,80501
,Hali,Leeburne,3/19/1997,Hali.Leeburne@backtoroots.com,970-784-9905,1909 Cascade Ave,Boulder,CO,80302
,Quinlan,Mackieson,11/12/1996,Quinlan.Mackieson@backtoroots.com,720-568-0894,770 Locust Ave,Boulder,CO,80304
,Carmon,Tosh,4/25/1984,Carmon.Tosh@backtoroots.com,970-382-2993,3814 Fredericks Ct,Boulder,CO,80301
,Reggy,Worboys,12/4/1982,Reggy.Worboys@backtoroots.com,303-541-2348,108 Fairbanks St,Longmont,CO,80504
,Kerrill,Weigh,10/21/1981,Kerrill.Weigh@backtoroots.com,720-737-9666,830 Dewey Ave,Boulder,CO,80304
,Frasco,Raimbauld,7/15/2001,Frasco.Raimbauld@backtoroots.com,303-680-2616,740 30th Street,Boulder,CO,80303
,Genia,Goligly,12/15/2000,Genia.Goligly@backtoroots.com,303-757-0288,620 Grandview Meadows Unit 1,Longmont,CO,80503
,Perry,Mottershaw,10/9/2002,Perry.Mottershaw@backtoroots.com,720-590-1226,1708 Flemming Dr,Longmont,CO,80501
,Eolanda,Vane,5/18/1990,Eolanda.Vane@backtoroots.com,720-590-9279,710 Sundown Dr,Lafayette,CO,80026
,Rafi,Toffler,3/14/2002,Rafi.Toffler@backtoroots.com,970-159-7736,2115 Pine St,Boulder,CO,80302
,Ody,Gold,1/19/2003,Ody.Gold@backtoroots.com,720-787-3511,2977 Eagle Way,Boulder,CO,80301
,Aliza,Lamb-shine,7/18/2001,Aliza.Lamb-shine@backtoroots.com,720-414-2878,3233 Broadway St,Boulder,CO,80304
