RewardStatusID	RewardStatusName	RewardStatusDescription	RewardStatusPerks
NO-R	No Rewards	Tier 0: The customer is not enrolled in the Back-to-Roots rewards program	No perks
BRON	Bronze	Tier 1: The customer is enrolled in the Back-to-Roots rewards program	10% birthday coupon and base holiday promotions
SILV	Silver	Tier 2: The customer has spent over $500 in total at Back-to-Roots	15% birthday coupon and tier one holiday promotions
GOLD	Gold	Tier 3: The customer has spent over $2000 total at Back-to-Roots	20% birthday coupon, tier two holiday promotions, and quarterly 10% coupon
PLAT	Platinum	Tier 4: The customer has spent over $3500 in total at Back-to-Roots	25% birthday coupon, tier three holiday promotions, and monthly 10% coupon
